ARI,Isolated_Labels_ASW,NMI,cLISI_Graph,Silhouette,method,Dataset
0.8225350912105639,,0.8525495568374245,0.9987696604988152,0.5787077692241002,scArches,GSE128639_bmcite
0.5467705649870507,,0.7267542695801184,0.9957459936448838,0.5194749979826251,PCA,GSE128639_bmcite
0.9294257526511217,,0.9056992115006766,0.9999999999999996,0.7285559922456741,Seurat,GSE128639_bmcite
