ARI,Isolated_Labels_ASW,NMI,cLISI_Graph,Silhouette,method,Dataset
0.4131309299018621,,0.6144037940860432,0.9737002708901338,0.5427292547446613,scArches,GSM4972212
0.32516828475194154,,0.4758969281880232,0.9303249068648118,0.4662140455853169,PCA,GSM4972212
0.4452634770183011,,0.6477194068130211,0.9794050529349015,0.5683921724557877,Seurat,GSM4972212
