ARI,Isolated_Labels_ASW,NMI,cLISI_Graph,Silhouette,method,Dataset
0.7219788390582095,,0.8060658096015314,0.9895382341522543,0.593836335709187,scArches,GSE100866_cbmc
0.537057549415037,,0.5804902172098876,0.9599732778959348,0.47749360941180935,PCA,GSE100866_cbmc
0.7168617858362756,,0.7966178544343265,0.9814258120943854,0.630038782954216,Seurat,GSE100866_cbmc
